{
    "6/1/2021": {
        "mozilla.org":15.649,
        "microsoft.com":66.61999999999999,
        "google.com":1037.586,
        "uw.edu":154.918,
        "washington.edu":93.734,
        "stackexchange.com":4.951,
        "github.com":1851.8729999999998,
        "seonkyounglongest.com":2164.069,
        "stackoverflow.com":682.7879999999998,
        "twitter.com":57.032000000000004,
        "zoom.us":79.995,
        "facebook.com":728.025,
        "gradescope.com":143.211,
        "twitch.tv":1084.754,
        "w3schools.com":46.739,
        "youtube.com":2154.891
    },
    "5/31/2021": {
        "mozilla.org":15.649,
        "google.com":1037.586,
        "uw.edu":154.918,
        "washington.edu":93.734,
        "github.com":2851.8729999999998,
        "seonkyounglongest.com":5871.274,
        "stackoverflow.com":682.7879999999998,
        "twitter.com":570.032000000000004,
        "facebook.com":728.025,
        "gradescope.com":143.211,
        "messenger.com":201.608,
        "reddit.com":5871.274,
        "twitch.tv":1084.754,
        "w3schools.com":46.739,
        "youtube.com":4871.274
    },
    "5/30/2021": {
        "google.com": 3600
    },
    "5/29/2021": {
        "google.com": 7200
    },
    "5/28/2021": {
        "google.com": 5400
    },
    "5/27/2021": {
        "google.com": 14400
    },
    "5/26/2021": {
        "google.com": 8800
    },
    "whitelist": [
        "reddit.com",
        "amazon.com"
    ]
}